{"cameraMode":{"drawMode":0,"name":"Shaded","section":"Shading Mode"},"sceneLighting":true,"audioPlay":false,"sceneViewState":{"m_AlwaysRefresh":false,"showFog":true,"showSkybox":true,"showFlares":true,"showImageEffects":true,"showParticleSystems":true,"showVisualEffectGraphs":true,"m_FxEnabled":true},"in2DMode":false,"pivot":{"x":0.6548566818237305,"y":0.5171689987182617,"z":5.170418739318848},"rotation":{"x":0.13638509809970857,"y":-0.003527148626744747,"z":0.0004686906177084893,"w":0.9906710386276245},"size":9.33338737487793,"orthographic":false}