{"cameraMode":{"drawMode":0,"name":"Shaded","section":"Shading Mode"},"sceneLighting":false,"audioPlay":false,"sceneViewState":{"m_AlwaysRefresh":false,"showFog":false,"showSkybox":false,"showFlares":false,"showImageEffects":false,"showParticleSystems":false,"showVisualEffectGraphs":true,"m_FxEnabled":true},"in2DMode":false,"pivot":{"x":-0.021953677758574487,"y":0.6786370277404785,"z":-0.0018733739852905274},"rotation":{"x":0.07153695821762085,"y":0.926923930644989,"z":-0.2867312431335449,"w":0.23125962913036347},"size":1.6689438819885255,"orthographic":false}