{"cameraMode":{"drawMode":0,"name":"Shaded","section":"Shading Mode"},"sceneLighting":true,"audioPlay":false,"sceneViewState":{"m_AlwaysRefresh":false,"showFog":true,"showSkybox":false,"showFlares":true,"showImageEffects":true,"showParticleSystems":true,"showVisualEffectGraphs":true,"m_FxEnabled":true},"in2DMode":false,"pivot":{"x":0.2200000286102295,"y":-0.09440016746520996,"z":0.5296001434326172},"rotation":{"x":0.13339272141456605,"y":0.01728331297636032,"z":-0.0023433861788362266,"w":0.9909313321113586},"size":13.876407623291016,"orthographic":false}