{"cameraMode":{"drawMode":0,"name":"Shaded","section":"Shading Mode"},"sceneLighting":true,"audioPlay":false,"sceneViewState":{"m_AlwaysRefresh":false,"showFog":true,"showSkybox":true,"showFlares":true,"showImageEffects":true,"showParticleSystems":true,"showVisualEffectGraphs":true,"m_FxEnabled":true},"in2DMode":false,"pivot":{"x":0.06732061505317688,"y":-0.06803774833679199,"z":-2.6504995822906496},"rotation":{"x":-0.0821680799126625,"y":-0.8532382249832153,"z":0.1415422558784485,"w":-0.49522197246551516},"size":2.1533796787261965,"orthographic":false}