{"cameraMode":{"drawMode":0,"name":"Shaded","section":"Shading Mode"},"sceneLighting":false,"audioPlay":false,"sceneViewState":{"m_AlwaysRefresh":false,"showFog":false,"showSkybox":false,"showFlares":false,"showImageEffects":false,"showParticleSystems":false,"showVisualEffectGraphs":true,"m_FxEnabled":true},"in2DMode":false,"pivot":{"x":0.010781556367874146,"y":0.6606165170669556,"z":0.03486210107803345},"rotation":{"x":0.18308956921100617,"y":0.7893103361129761,"z":-0.28098589181900027,"w":0.5143155455589294},"size":1.0728955268859864,"orthographic":false}