{"cameraMode":{"drawMode":0,"name":"Shaded","section":"Shading Mode"},"sceneLighting":false,"audioPlay":false,"sceneViewState":{"m_AlwaysRefresh":false,"showFog":false,"showSkybox":false,"showFlares":false,"showImageEffects":false,"showParticleSystems":false,"showVisualEffectGraphs":true,"m_FxEnabled":true},"in2DMode":false,"pivot":{"x":-0.08413282036781311,"y":0.056562453508377078,"z":0.08701670169830322},"rotation":{"x":-0.12475128471851349,"y":-0.6648831963539124,"z":0.11400140076875687,"w":-0.7275791168212891},"size":1.5926578044891358,"orthographic":false}